{"cameraMode":{"drawMode":0,"name":"Shaded","section":"Shading Mode"},"sceneLighting":true,"audioPlay":false,"sceneViewState":{"showFog":true,"showMaterialUpdate":false,"showSkybox":true,"showFlares":true,"showImageEffects":true,"showParticleSystems":true},"in2DMode":false,"pivot":{"x":-130.7865753173828,"y":-1.6233612298965455,"z":30.525300979614259},"rotation":{"x":0.005046343896538019,"y":-0.6045418381690979,"z":0.0037881804164499046,"w":0.7965720891952515},"size":160.82052612304688,"orthographic":false}